dataset,model,trained_loss,metric,mean_reconstruction_value,std_reconstruction_value,mean_clean_input_value,mean_model_seconds,mean_peak_memory_mb,num_rows
dvsgesture,pointnet_ae,chamfer,chamfer,0.002058,1.9498e-04,5.0440e-08,0.342798,151.503125,20
dvsgesture,pointnet_ae,chamfer,hausdorff,0.189807,0.007052,6.8295e-04,0.342798,151.503125,20
dvsgesture,pointnet_ae,chamfer,mse,0.075301,0.002373,0,0.342798,151.503125,20
dvsgesture,pointnet_ae,chamfer,temporal_weighted_chamfer,0.002058,1.9498e-04,5.0440e-08,0.342798,151.503125,20
dvsgesture,pointnet_ae,density_aware_chamfer,chamfer,0.011835,0.001214,5.0440e-08,0.025156,151.503125,20
dvsgesture,pointnet_ae,density_aware_chamfer,hausdorff,0.678013,0.026864,6.8295e-04,0.025156,151.503125,20
dvsgesture,pointnet_ae,density_aware_chamfer,mse,0.080602,0.002339,0,0.025156,151.503125,20
dvsgesture,pointnet_ae,density_aware_chamfer,temporal_weighted_chamfer,0.011835,0.001214,5.0440e-08,0.025156,151.503125,20
dvsgesture,pointnet_ae,hausdorff,chamfer,0.008102,6.6543e-04,5.0440e-08,0.0258,151.503125,20
dvsgesture,pointnet_ae,hausdorff,hausdorff,0.181222,0.00865,6.8295e-04,0.0258,151.503125,20
dvsgesture,pointnet_ae,hausdorff,mse,0.095738,0.010055,0,0.0258,151.503125,20
dvsgesture,pointnet_ae,hausdorff,temporal_weighted_chamfer,0.008102,6.6543e-04,5.0440e-08,0.0258,151.503125,20
dvsgesture,pointnet_ae,sinkhorn,chamfer,0.010017,5.2556e-04,7.2076e-08,0.040669,86.411765,17
dvsgesture,pointnet_ae,sinkhorn,hausdorff,0.285981,0.012343,6.9264e-04,0.040669,86.411765,17
dvsgesture,pointnet_ae,sinkhorn,mse,0.580392,0.005713,0,0.040669,86.411765,17
dvsgesture,pointnet_ae,sinkhorn,temporal_weighted_chamfer,0.010017,5.2556e-04,7.2076e-08,0.040669,86.411765,17
dvsgesture,pointnet_ae,temporal_weighted_chamfer,chamfer,0.002051,2.2470e-04,5.0440e-08,0.025132,151.503125,20
dvsgesture,pointnet_ae,temporal_weighted_chamfer,hausdorff,0.18995,0.008015,6.8295e-04,0.025132,151.503125,20
dvsgesture,pointnet_ae,temporal_weighted_chamfer,mse,0.074886,0.003843,0,0.025132,151.503125,20
dvsgesture,pointnet_ae,temporal_weighted_chamfer,temporal_weighted_chamfer,0.002051,2.2470e-04,5.0440e-08,0.025132,151.503125,20
dvsgesture,pointnetpp_ae,chamfer,chamfer,0.002028,8.9771e-05,5.0440e-08,0.159337,146.906445,20
dvsgesture,pointnetpp_ae,chamfer,hausdorff,0.205972,0.011495,6.8295e-04,0.159337,146.906445,20
dvsgesture,pointnetpp_ae,chamfer,mse,0.073642,0.002356,0,0.159337,146.906445,20
dvsgesture,pointnetpp_ae,chamfer,temporal_weighted_chamfer,0.002028,8.9771e-05,5.0440e-08,0.159337,146.906445,20
dvsgesture,pointnetpp_ae,density_aware_chamfer,chamfer,0.010212,0.001352,5.0440e-08,0.114147,146.906445,20
dvsgesture,pointnetpp_ae,density_aware_chamfer,hausdorff,0.666858,0.031532,6.8295e-04,0.114147,146.906445,20
dvsgesture,pointnetpp_ae,density_aware_chamfer,mse,0.077298,0.001759,0,0.114147,146.906445,20
dvsgesture,pointnetpp_ae,density_aware_chamfer,temporal_weighted_chamfer,0.010212,0.001352,5.0440e-08,0.114147,146.906445,20
dvsgesture,pointnetpp_ae,hausdorff,chamfer,0.009491,9.4463e-04,5.0440e-08,0.112983,146.906445,20
dvsgesture,pointnetpp_ae,hausdorff,hausdorff,0.188907,0.008276,6.8295e-04,0.112983,146.906445,20
dvsgesture,pointnetpp_ae,hausdorff,mse,0.1019,0.011344,0,0.112983,146.906445,20
dvsgesture,pointnetpp_ae,hausdorff,temporal_weighted_chamfer,0.009491,9.4463e-04,5.0440e-08,0.112983,146.906445,20
dvsgesture,pointnetpp_ae,temporal_weighted_chamfer,chamfer,0.002023,8.8392e-05,5.0440e-08,2.466133,146.906445,20
dvsgesture,pointnetpp_ae,temporal_weighted_chamfer,hausdorff,0.209941,0.013624,6.8295e-04,2.466133,146.906445,20
dvsgesture,pointnetpp_ae,temporal_weighted_chamfer,mse,0.075182,0.002298,0,2.466133,146.906445,20
dvsgesture,pointnetpp_ae,temporal_weighted_chamfer,temporal_weighted_chamfer,0.002023,8.8392e-05,5.0440e-08,2.466133,146.906445,20
ncaltech101,pointnet_ae,chamfer,chamfer,0.002813,6.1642e-04,5.3484e-08,0.025936,151.503125,20
ncaltech101,pointnet_ae,chamfer,hausdorff,0.148138,0.021128,6.9053e-04,0.025936,151.503125,20
ncaltech101,pointnet_ae,chamfer,mse,0.154218,0.010254,0,0.025936,151.503125,20
ncaltech101,pointnet_ae,chamfer,temporal_weighted_chamfer,0.002813,6.1642e-04,5.3484e-08,0.025936,151.503125,20
ncaltech101,pointnet_ae,density_aware_chamfer,chamfer,0.004003,0.00133,5.3479e-08,0.05628,151.503125,20
ncaltech101,pointnet_ae,density_aware_chamfer,hausdorff,0.322564,0.020735,6.9053e-04,0.05628,151.503125,20
ncaltech101,pointnet_ae,density_aware_chamfer,mse,0.153308,0.008275,0,0.05628,151.503125,20
ncaltech101,pointnet_ae,density_aware_chamfer,temporal_weighted_chamfer,0.004003,0.00133,5.3479e-08,0.05628,151.503125,20
ncaltech101,pointnet_ae,hausdorff,chamfer,0.007429,0.003425,5.3484e-08,0.023668,151.503125,20
ncaltech101,pointnet_ae,hausdorff,hausdorff,0.14634,0.029862,6.9053e-04,0.023668,151.503125,20
ncaltech101,pointnet_ae,hausdorff,mse,0.136606,0.014698,0,0.023668,151.503125,20
ncaltech101,pointnet_ae,hausdorff,temporal_weighted_chamfer,0.007429,0.003425,5.3484e-08,0.023668,151.503125,20
ncaltech101,pointnet_ae,sinkhorn,chamfer,0.008805,0.001254,7.0684e-08,0.589091,87.68125,20
ncaltech101,pointnet_ae,sinkhorn,hausdorff,0.21604,0.015534,6.9053e-04,0.589091,87.68125,20
ncaltech101,pointnet_ae,sinkhorn,mse,0.605146,0.015267,0,0.589091,87.68125,20
ncaltech101,pointnet_ae,sinkhorn,temporal_weighted_chamfer,0.008805,0.001254,7.0684e-08,0.589091,87.68125,20
ncaltech101,pointnet_ae,temporal_weighted_chamfer,chamfer,0.002846,5.6053e-04,5.3479e-08,0.019936,151.503125,20
ncaltech101,pointnet_ae,temporal_weighted_chamfer,hausdorff,0.147021,0.021216,6.9053e-04,0.019936,151.503125,20
ncaltech101,pointnet_ae,temporal_weighted_chamfer,mse,0.152014,0.010452,0,0.019936,151.503125,20
ncaltech101,pointnet_ae,temporal_weighted_chamfer,temporal_weighted_chamfer,0.002846,5.6053e-04,5.3479e-08,0.019936,151.503125,20
ncaltech101,pointnetpp_ae,chamfer,chamfer,0.003105,9.0160e-04,5.3479e-08,0.072099,146.906445,20
ncaltech101,pointnetpp_ae,chamfer,hausdorff,0.153958,0.024428,6.9053e-04,0.072099,146.906445,20
ncaltech101,pointnetpp_ae,chamfer,mse,0.149832,0.012673,0,0.072099,146.906445,20
ncaltech101,pointnetpp_ae,chamfer,temporal_weighted_chamfer,0.003105,9.0160e-04,5.3479e-08,0.072099,146.906445,20
ncaltech101,pointnetpp_ae,density_aware_chamfer,chamfer,0.004225,0.002191,5.3484e-08,0.110238,146.906445,20
ncaltech101,pointnetpp_ae,density_aware_chamfer,hausdorff,0.26504,0.105941,6.9053e-04,0.110238,146.906445,20
ncaltech101,pointnetpp_ae,density_aware_chamfer,mse,0.150925,0.012749,0,0.110238,146.906445,20
ncaltech101,pointnetpp_ae,density_aware_chamfer,temporal_weighted_chamfer,0.004225,0.002191,5.3484e-08,0.110238,146.906445,20
ncaltech101,pointnetpp_ae,hausdorff,chamfer,0.007357,0.003707,5.3484e-08,0.121212,146.906445,20
ncaltech101,pointnetpp_ae,hausdorff,hausdorff,0.145021,0.029647,6.9053e-04,0.121212,146.906445,20
ncaltech101,pointnetpp_ae,hausdorff,mse,0.136341,0.015234,0,0.121212,146.906445,20
ncaltech101,pointnetpp_ae,hausdorff,temporal_weighted_chamfer,0.007357,0.003707,5.3484e-08,0.121212,146.906445,20
ncaltech101,pointnetpp_ae,sinkhorn,chamfer,0.008674,0.001252,7.0599e-08,0.182955,185.268164,20
ncaltech101,pointnetpp_ae,sinkhorn,hausdorff,0.216375,0.013363,6.9143e-04,0.182955,185.268164,20
ncaltech101,pointnetpp_ae,sinkhorn,mse,0.59824,0.011637,0,0.182955,185.268164,20
ncaltech101,pointnetpp_ae,sinkhorn,temporal_weighted_chamfer,0.008674,0.001252,7.0599e-08,0.182955,185.268164,20
ncaltech101,pointnetpp_ae,temporal_weighted_chamfer,chamfer,0.003101,8.9384e-04,5.3479e-08,0.070235,146.906445,20
ncaltech101,pointnetpp_ae,temporal_weighted_chamfer,hausdorff,0.154799,0.027688,6.9053e-04,0.070235,146.906445,20
ncaltech101,pointnetpp_ae,temporal_weighted_chamfer,mse,0.150781,0.013638,0,0.070235,146.906445,20
ncaltech101,pointnetpp_ae,temporal_weighted_chamfer,temporal_weighted_chamfer,0.003101,8.9384e-04,5.3479e-08,0.070235,146.906445,20
nmnist,pointnet_ae,chamfer,chamfer,0.001255,8.0925e-05,6.3005e-08,0.024891,151.503125,20
nmnist,pointnet_ae,chamfer,hausdorff,0.221848,0.011071,5.9952e-04,0.024891,151.503125,20
nmnist,pointnet_ae,chamfer,mse,0.104048,0.002881,0,0.024891,151.503125,20
nmnist,pointnet_ae,chamfer,temporal_weighted_chamfer,0.001255,8.0925e-05,6.3005e-08,0.024891,151.503125,20
nmnist,pointnet_ae,density_aware_chamfer,chamfer,0.058613,0.008897,6.3005e-08,0.025109,151.503125,20
nmnist,pointnet_ae,density_aware_chamfer,hausdorff,0.723487,0.043881,5.9952e-04,0.025109,151.503125,20
nmnist,pointnet_ae,density_aware_chamfer,mse,0.201552,0.004313,0,0.025109,151.503125,20
nmnist,pointnet_ae,density_aware_chamfer,temporal_weighted_chamfer,0.058613,0.008897,6.3005e-08,0.025109,151.503125,20
nmnist,pointnet_ae,hausdorff,chamfer,0.005348,2.4810e-04,6.3003e-08,0.60083,151.503125,20
nmnist,pointnet_ae,hausdorff,hausdorff,0.179279,0.007774,5.9952e-04,0.60083,151.503125,20
nmnist,pointnet_ae,hausdorff,mse,0.11826,0.004189,0,0.60083,151.503125,20
nmnist,pointnet_ae,hausdorff,temporal_weighted_chamfer,0.005348,2.4810e-04,6.3003e-08,0.60083,151.503125,20
nmnist,pointnet_ae,temporal_weighted_chamfer,chamfer,0.00123,7.6984e-05,6.3003e-08,0.41238,151.503125,20
nmnist,pointnet_ae,temporal_weighted_chamfer,hausdorff,0.221995,0.01098,5.9952e-04,0.41238,151.503125,20
nmnist,pointnet_ae,temporal_weighted_chamfer,mse,0.103608,0.002839,0,0.41238,151.503125,20
nmnist,pointnet_ae,temporal_weighted_chamfer,temporal_weighted_chamfer,0.00123,7.6984e-05,6.3003e-08,0.41238,151.503125,20
nmnist,pointnetpp_ae,chamfer,chamfer,0.001369,7.7650e-05,6.3005e-08,0.582397,146.906445,20
nmnist,pointnetpp_ae,chamfer,hausdorff,0.228951,0.010682,5.9952e-04,0.582397,146.906445,20
nmnist,pointnetpp_ae,chamfer,mse,0.103353,0.002923,0,0.582397,146.906445,20
nmnist,pointnetpp_ae,chamfer,temporal_weighted_chamfer,0.001369,7.7650e-05,6.3005e-08,0.582397,146.906445,20
nmnist,pointnetpp_ae,density_aware_chamfer,chamfer,0.010479,0.001232,6.3003e-08,0.662136,146.906445,20
nmnist,pointnetpp_ae,density_aware_chamfer,hausdorff,0.504099,0.038962,5.9952e-04,0.662136,146.906445,20
nmnist,pointnetpp_ae,density_aware_chamfer,mse,0.112673,0.003529,0,0.662136,146.906445,20
nmnist,pointnetpp_ae,density_aware_chamfer,temporal_weighted_chamfer,0.010479,0.001232,6.3003e-08,0.662136,146.906445,20
nmnist,pointnetpp_ae,hausdorff,chamfer,0.00678,3.9342e-04,6.3003e-08,0.105381,146.906445,20
nmnist,pointnetpp_ae,hausdorff,hausdorff,0.202399,0.007986,5.9952e-04,0.105381,146.906445,20
nmnist,pointnetpp_ae,hausdorff,mse,0.128141,0.004006,0,0.105381,146.906445,20
nmnist,pointnetpp_ae,hausdorff,temporal_weighted_chamfer,0.00678,3.9342e-04,6.3003e-08,0.105381,146.906445,20
nmnist,pointnetpp_ae,temporal_weighted_chamfer,chamfer,0.001369,7.7708e-05,6.3005e-08,0.638914,146.906445,20
nmnist,pointnetpp_ae,temporal_weighted_chamfer,hausdorff,0.228964,0.010685,5.9952e-04,0.638914,146.906445,20
nmnist,pointnetpp_ae,temporal_weighted_chamfer,mse,0.103356,0.002923,0,0.638914,146.906445,20
nmnist,pointnetpp_ae,temporal_weighted_chamfer,temporal_weighted_chamfer,0.001369,7.7708e-05,6.3005e-08,0.638914,146.906445,20
